trade_date,stock_price,t,libor,strike,dividents,call_bs,call,put
2022-12-02,104.8525898499651,0.5,0.008577485413711986,95,2.6213147462491277,10.908508285294346,12.240094789423864,4.602261563310151
2022-12-03,105.50887265431761,0.5,0.008577485413711986,95,2.6377218163579403,11.368159890617832,12.083438865016237,3.8057299046588184
2022-12-04,106.49550382963835,0.5,0.008577485413711986,95,2.662387595740959,12.074478968123046,10.529078676011778,1.2894043197166525
2022-12-05,104.25573880660232,0.5,0.008577485413711986,95,2.606393470165058,10.49777271131795,10.489388861389427,3.4334854025544246
2022-12-06,107.32485929898988,0.5,0.008577485413711986,95,2.683121482474747,12.681891643112024,13.303227617002506,3.2549316780896334
2022-12-07,106.7245971544108,0.5,0.008577485413711986,95,2.66811492886027,12.241039153005232,11.520953592286336,2.057913244338067
2022-12-08,105.42223777645444,0.5,0.008577485413711986,95,2.635555944411361,11.307008872349549,11.572520458041668,3.379280503600853
2022-12-09,107.00070511792428,0.5,0.008577485413711986,95,2.6750176279481073,12.443030725959574,12.551579251674543,2.8193336393006234
2022-12-10,107.00534026890887,0.5,0.008577485413711986,95,2.6751335067227218,12.446433215686966,12.450724646621,2.7139597620371205
2022-12-11,106.76177156709055,0.5,0.008577485413711986,95,2.669044289177264,12.26815549348575,12.093555282892808,2.5942698825817843
2022-12-12,107.81956911072321,0.5,0.008577485413711986,95,2.69548922776808,13.049948485649196,13.482974675602794,2.9523366702499203
2022-12-02,104.8525898499651,0.7,0.009471043581946106,95,3.6698406447487786,11.384299968911023,12.587337342723234,5.776846916145061
2022-12-03,105.50887265431761,0.7,0.009471043581946106,95,3.692810542901116,11.816497972134158,10.851432301617395,3.4076289688390347
2022-12-04,106.49550382963835,0.7,0.009471043581946106,95,3.7273426340373423,12.479821405798866,13.50809548378157,5.112193066818705
2022-12-05,104.25573880660232,0.7,0.009471043581946106,95,3.648950858231081,10.997660609883084,11.226290740007745,4.991761570274647
2022-12-06,107.32485929898988,0.7,0.009471043581946106,95,3.7563700754646456,13.049661974621628,13.494799587451975,4.298569142564887
2022-12-07,106.7245971544108,0.7,0.009471043581946106,95,3.7353609004043777,12.636125951611682,11.499523739780638,2.8825462644123547
2022-12-08,105.42223777645444,0.7,0.009471043581946106,95,3.6897783221759055,11.759025937717105,11.894162816165741,4.533962140525347
2022-12-09,107.00070511792428,0.7,0.009471043581946106,95,3.74502467912735,12.825630457859525,14.310167459696107,5.426745799537315
2022-12-10,107.00534026890887,0.7,0.009471043581946106,95,3.74518690941181,12.828822169343653,11.749017283558377,2.8611227026994612
2022-12-11,106.76177156709055,0.7,0.009471043581946106,95,3.7366620048481693,12.661569031183468,10.683840750525562,2.030989966921325
2022-12-12,107.81956911072321,0.7,0.009471043581946106,95,3.773684918875312,13.394754361000437,11.65138206510153,1.9777566518917666
2022-12-02,104.8525898499651,0.8,0.009951801866904326,95,4.194103593998604,11.593299930609497,11.859370094610048,5.447549688779773
2022-12-03,105.50887265431761,0.8,0.009951801866904326,95,4.220354906172704,12.014976564382003,14.3999438950931,7.358091997084415
2022-12-04,106.49550382963835,0.8,0.009951801866904326,95,4.259820153185535,12.66177111316049,13.785462366569915,5.796444540253319
2022-12-05,104.25573880660232,0.8,0.009951801866904326,95,4.170229552264093,11.215878034966046,12.888500248273873,7.049656844071876
2022-12-06,107.32485929898988,0.8,0.009951801866904326,95,4.292994371959596,13.217108131952209,13.316257347787452,4.531058270893396
2022-12-07,106.7245971544108,0.8,0.009951801866904326,95,4.268983886176432,12.814122653477583,14.212119030571158,6.003171612473011
2022-12-08,105.42223777645444,0.8,0.009951801866904326,95,4.216889511058178,11.958915827652504,11.687667839686723,4.728985424426696
2022-12-09,107.00070511792428,0.8,0.009951801866904326,95,4.280028204716972,12.998808200018608,13.612012384878247,5.1380013218071525
2022-12-10,107.00534026890887,0.8,0.009951801866904326,95,4.280213610756355,13.001918512253702,12.734601323580133,4.2561405155638425
2022-12-11,106.76177156709055,0.8,0.009951801866904326,95,4.270470862683623,12.83892037272016,12.289611358614682,4.044976504343978
2022-12-12,107.81956911072321,0.8,0.009951801866904326,95,4.3127827644289285,13.553305245892375,13.686013541652326,4.425893045494277
2022-12-02,104.8525898499651,1.0,0.01098694263059318,95,5.2426294924982555,11.967736668711353,11.491594653784016,5.843587667902568
2022-12-03,105.50887265431761,1.0,0.01098694263059318,95,5.275443632715881,12.372307001359601,13.680780082223079,7.4093044322067385
2022-12-04,106.49550382963835,1.0,0.01098694263059318,95,5.324775191481918,12.992192751472778,13.187206030705871,5.978430764134828
2022-12-05,104.25573880660232,1.0,0.01098694263059318,95,5.212786940330116,11.605291306083544,12.005501294335891,6.924502799649076
2022-12-06,107.32485929898988,1.0,0.01098694263059318,95,5.366242964949494,13.52387275333922,13.186240416253689,5.189577453798705
2022-12-07,106.7245971544108,1.0,0.01098694263059318,95,5.33622985772054,13.138101083869742,14.394573347624897,6.968159422520031
2022-12-08,105.42223777645444,1.0,0.01098694263059318,95,5.271111888822722,12.318541707349674,11.586572205348466,5.397399689302148
2022-12-09,107.00070511792428,1.0,0.01098694263059318,95,5.3500352558962145,13.314927385774446,13.97515893700076,6.286442446558084
2022-12-10,107.00534026890887,1.0,0.01098694263059318,95,5.3502670134454435,13.317904899218924,12.967033007779053,5.273913123901025
2022-12-11,106.76177156709055,1.0,0.01098694263059318,95,5.338088578354528,13.16184658141998,12.222413221657428,4.760683604506809
2022-12-12,107.81956911072321,1.0,0.01098694263059318,95,5.39097845553616,13.845535933403298,13.356198716518646,4.889561432916992
2022-12-02,104.8525898499651,2.0,0.017986209962091555,95,10.485258984996511,13.425956565634145,12.62136542336419,9.897389935127265
2022-12-03,105.50887265431761,2.0,0.017986209962091555,95,10.550887265431761,13.782385822934323,13.56968818422381,10.255058172069624
2022-12-04,106.49550382963835,2.0,0.017986209962091555,95,10.649550382963836,14.326384137527363,13.987243891463928,9.784645821521082
2022-12-05,104.25573880660232,2.0,0.017986209962091555,95,10.425573880660233,13.105616838228833,13.417786774542055,11.230977225331628
2022-12-06,107.32485929898988,2.0,0.017986209962091555,95,10.732485929898989,14.791133291543296,15.356285961199923,10.4072679688407
2022-12-07,106.7245971544108,2.0,0.017986209962091555,95,10.67245971544108,14.454085182293419,14.306664924566398,9.89788286232833
2022-12-08,105.42223777645444,2.0,0.017986209962091555,95,10.542223777645445,13.735084285748037,13.709178948931852,10.472520326854521
2022-12-09,107.00070511792428,2.0,0.017986209962091555,95,10.700070511792429,14.608681043537963,14.897775247341897,10.240496017941709
2022-12-10,107.00534026890887,2.0,0.017986209962091555,95,10.700534026890887,14.611282713035479,14.071403641702778,9.40995277641646
2022-12-11,106.76177156709055,2.0,0.017986209962091555,95,10.676177156709056,14.474855806386778,15.183015826313381,10.740776792663553
2022-12-12,107.81956911072321,2.0,0.017986209962091555,95,10.78195691107232,15.071558276648773,15.913783015031429,10.519526192112195
2022-12-02,104.8525898499651,3.0,0.029312230751356316,95,15.727888477494766,14.989781642976688,15.193362440304167,13.071452132797504
2022-12-03,105.50887265431761,3.0,0.029312230751356316,95,15.826330898147642,15.327532583741572,17.722236248626107,15.042485557419809
2022-12-04,106.49550382963835,3.0,0.029312230751356316,95,15.974325574445754,15.841579109115521,16.75903804662595,13.240650856397025
2022-12-05,104.25573880660232,3.0,0.029312230751356316,95,15.63836082099035,14.685551172251131,14.57327870105697,12.958691780408671
2022-12-06,107.32485929898988,3.0,0.029312230751356316,95,16.098728894848485,16.279444532277488,15.917264085135248,11.693924745957531
2022-12-07,106.7245971544108,3.0,0.029312230751356316,95,16.00868957316162,15.962008368071139,15.729826112127048,12.016709595841533
2022-12-08,105.42223777645444,3.0,0.029312230751356316,95,15.813335666468166,15.282754172825747,14.78102527323088,12.17491422820828
2022-12-09,107.00070511792428,3.0,0.029312230751356316,95,16.050105767688642,16.10768317778573,17.236468330895608,13.288660045623644
2022-12-10,107.00534026890887,3.0,0.029312230751356316,95,16.05080104033633,16.110133627346677,15.412323596874963,11.4605754332661
2022-12-11,106.76177156709055,3.0,0.029312230751356316,95,16.01426573506358,15.981587858959749,15.900465675142803,12.155750908079511
2022-12-12,107.81956911072321,3.0,0.029312230751356316,95,16.17293536660848,16.543104855344197,16.01380877434471,11.36996609519366
2022-12-02,104.8525898499651,4.0,0.04742587317756679,95,20.970517969993022,17.571523231885436,18.6177060886937,13.32004933118941
2022-12-03,105.50887265431761,4.0,0.04742587317756679,95,21.101774530863523,17.91148346832356,16.492927439100164,10.670244438113869
2022-12-04,106.49550382963835,4.0,0.04742587317756679,95,21.299100765927673,18.42750571007754,18.0650065269219,11.453018585679004
2022-12-05,104.25573880660232,4.0,0.04742587317756679,95,20.851147761320465,17.264657654881923,17.142751963720034,12.322576040905972
2022-12-06,107.32485929898988,4.0,0.04742587317756679,95,21.464971859797977,18.86579334523598,19.185149766327203,11.909677449603095
2022-12-07,106.7245971544108,4.0,0.04742587317756679,95,21.34491943088216,18.54816413929263,19.00906704096435,12.213804439903498
2022-12-08,105.42223777645444,4.0,0.04742587317756679,95,21.08444755529089,17.8664545425885,17.650664650257976,11.89728955156221
2022-12-09,107.00070511792428,4.0,0.04742587317756679,95,21.400141023584858,18.694000840272324,19.683073297771763,12.666924325900126
2022-12-10,107.00534026890887,4.0,0.04742587317756679,95,21.401068053781774,18.696452943407742,19.011206722219477,11.991349629560176
2022-12-11,106.76177156709055,4.0,0.04742587317756679,95,21.35235431341811,18.567772697726674,21.03542375416128,14.21042162295663
2022-12-12,107.81956911072321,4.0,0.04742587317756679,95,21.56391382214464,19.12917188048514,17.620850393321923,9.949610227211153
2022-12-02,104.8525898499651,0.5,0.008577485413711986,100,2.6213147462491277,7.954579122724724,8.575179785733337,5.915948763703966
2022-12-03,105.50887265431761,0.5,0.008577485413711986,100,2.6377218163579403,8.340779858902785,7.295647321388348,3.996540565115268
2022-12-04,106.49550382963835,0.5,0.008577485413711986,100,2.662387595740959,8.93898357792019,8.140974760247946,3.879902608037156
2022-12-05,104.25573880660232,0.5,0.008577485413711986,100,2.606393470165058,7.611628604748319,9.59671319617405,7.519411941423385
2022-12-06,107.32485929898988,0.5,0.008577485413711986,100,2.683121482474747,9.457819026648181,11.202633174987483,6.13293944015895
2022-12-07,106.7245971544108,0.5,0.008577485413711986,100,2.66811492886027,9.080858973813143,7.224673493201995,2.7402353493380645
2022-12-08,105.42223777645444,0.5,0.008577485413711986,100,2.635555944411361,8.289257122543368,8.066483423440369,4.851845673083886
2022-12-09,107.00070511792428,0.5,0.008577485413711986,100,2.6750176279481073,9.253318388333994,9.187470540622794,4.433827132333221
2022-12-10,107.00534026890887,0.5,0.008577485413711986,100,2.6751335067227218,9.25622717156552,7.124515063083916,2.366352382584367
2022-12-11,106.76177156709055,0.5,0.008577485413711986,100,2.669044289177264,9.103985184199097,9.055154672860343,4.534471476633655
2022-12-12,107.81956911072321,0.5,0.008577485413711986,100,2.69548922776808,9.774099838504448,10.167441055586188,4.615405254317665
2022-12-02,104.8525898499651,0.7,0.009471043581946106,100,3.6698406447487786,8.641808781550871,8.859073926668911,7.0155444884401135
2022-12-03,105.50887265431761,0.7,0.009471043581946106,100,3.692810542901116,9.01063885633122,7.016245086590162,4.539402742161187
2022-12-04,106.49550382963835,0.7,0.009471043581946106,100,3.7273426340373423,9.580075104406326,10.687783339188975,7.258841910575484
2022-12-05,104.25573880660232,0.7,0.009471043581946106,100,3.648950858231081,8.313381531513961,8.55792550816195,7.290357326778235
2022-12-06,107.32485929898988,0.7,0.009471043581946106,100,3.7563700754646456,10.072384739806793,10.010472710314389,5.781203253776681
2022-12-07,106.7245971544108,0.7,0.009471043581946106,100,3.7353609004043777,9.714831616685117,8.960938655937419,5.310922168918523
2022-12-08,105.42223777645444,0.7,0.009471043581946106,100,3.6897783221759055,8.96149161012086,9.6734506266407,7.2802109393497005
2022-12-09,107.00070511792428,0.7,0.009471043581946106,100,3.74502467912735,9.878498278170035,10.796767429649451,6.880306757840046
2022-12-10,107.00534026890887,0.7,0.009471043581946106,100,3.74518690941181,9.881257490098022,9.399164351262543,5.478230758753014
2022-12-11,106.76177156709055,0.7,0.009471043581946106,100,3.7366620048481693,9.736787471817415,9.826375084406932,6.140485289152082
2022-12-12,107.81956911072321,0.7,0.009471043581946106,100,3.773684918875312,10.37187592025569,11.198874542917954,6.492210118057585
2022-12-02,104.8525898499651,0.8,0.009951801866904326,100,4.194103593998604,8.933073273957241,6.978561153955736,5.527091582343161
2022-12-03,105.50887265431761,0.8,0.009951801866904326,100,4.220354906172704,9.295222753743708,9.412698414770347,7.331197350979352
2022-12-04,106.49550382963835,0.8,0.009951801866904326,100,4.259820153185535,9.853641187388057,7.946184299263656,4.917517307164758
2022-12-05,104.25573880660232,0.8,0.009951801866904326,100,4.170229552264093,8.610257515240058,7.6873482503911115,6.8088556804067935
2022-12-06,107.32485929898988,0.8,0.009951801866904326,100,4.292994371959596,10.335818921399628,10.805570355482672,6.980722112806305
2022-12-07,106.7245971544108,0.8,0.009951801866904326,100,4.268983886176432,9.985676788498914,9.84131002547195,6.592713441591499
2022-12-08,105.42223777645444,0.8,0.009951801866904326,100,4.216889511058178,9.246987544915278,8.84684919292955,6.848517611887203
2022-12-09,107.00070511792428,0.8,0.009951801866904326,100,4.280028204716972,10.145984746422535,9.850000893483323,6.33634066462993
2022-12-10,107.00534026890887,0.8,0.009951801866904326,100,4.280213610756355,10.148686840176879,10.996895449198535,7.478785475399945
2022-12-11,106.76177156709055,0.8,0.009951801866904326,100,4.270470862683623,10.007185469607016,10.714015924358652,7.4297319043056405
2022-12-12,107.81956911072321,0.8,0.009951801866904326,100,4.3127827644289285,10.628903101813982,9.841634175566796,5.541864513626436
2022-12-02,104.8525898499651,1.0,0.01098694263059318,100,5.2426294924982555,9.443218121355216,9.736158846187182,9.033517827231279
2022-12-03,105.50887265431761,1.0,0.01098694263059318,100,5.275443632715881,9.794420521132565,9.323613269647048,7.997503586556263
2022-12-04,106.49550382963835,1.0,0.01098694263059318,100,5.324775191481918,10.33485131861515,12.7391769245525,10.475767624907007
2022-12-05,104.25573880660232,1.0,0.01098694263059318,100,5.212786940330116,9.129632857596405,8.390276119087734,8.25464359132647
2022-12-06,107.32485929898988,1.0,0.01098694263059318,100,5.366242964949494,10.800533324448182,10.487704567111091,7.436407571581654
2022-12-07,106.7245971544108,1.0,0.01098694263059318,100,5.33622985772054,10.462453705875738,10.113571787658245,7.632523829478927
2022-12-08,105.42223777645444,1.0,0.01098694263059318,100,5.271111888822722,9.747677635237196,9.308651399017181,8.064844849896417
2022-12-09,107.00070511792428,1.0,0.01098694263059318,100,5.3500352558962145,10.61729287385279,10.758397041917222,8.015046518400098
2022-12-10,107.00534026890887,1.0,0.01098694263059318,100,5.3502670134454435,10.619901995905664,10.892951316000975,8.145197399048499
2022-12-11,106.76177156709055,1.0,0.01098694263059318,100,5.338088578354528,10.483234062634146,8.864663314818351,6.34829966459327
2022-12-12,107.81956911072321,1.0,0.01098694263059318,100,5.39097845553616,11.08319978055755,10.51008641899796,6.988815102321851
2022-12-02,104.8525898499651,2.0,0.017986209962091555,100,10.485258984996511,11.305553099285284,9.985105553393828,12.084464558669097
2022-12-03,105.50887265431761,2.0,0.017986209962091555,100,10.550887265431761,11.625480636875956,12.861685963062772,14.370390444420778
2022-12-04,106.49550382963835,2.0,0.017986209962091555,100,10.649550382963836,12.114859853853297,14.580184935914772,15.200921359484113
2022-12-05,104.25573880660232,2.0,0.017986209962091555,100,10.425573880660233,11.018515842386464,12.401748071921983,15.03827301622374
2022-12-06,107.32485929898988,2.0,0.017986209962091555,100,10.732485929898989,12.533960242428478,12.88019335777966,12.754509858932622
2022-12-07,106.7245971544108,2.0,0.017986209962091555,100,10.67245971544108,12.229926116223346,13.252442223457482,13.666994654731624
2022-12-08,105.42223777645444,2.0,0.017986209962091555,100,10.542223777645445,11.582990206721483,11.749800473741216,13.33647634517608
2022-12-09,107.00070511792428,2.0,0.017986209962091555,100,10.700070511792429,12.369319541253603,14.026036165731895,14.192091429843899
2022-12-10,107.00534026890887,2.0,0.017986209962091555,100,10.700534026890887,12.371666240541813,13.039555849375256,13.201439477601127
2022-12-11,106.76177156709055,2.0,0.017986209962091555,100,10.676177156709056,12.248648302045481,12.018701658270759,12.399797118133122
2022-12-12,107.81956911072321,2.0,0.017986209962091555,100,10.78195691107232,12.78728048359116,11.65772928915737,11.086806959750334
2022-12-02,104.8525898499651,3.0,0.029312230751356316,100,15.727888477494766,13.06941464108504,12.429452036856542,14.886635995926923
2022-12-03,105.50887265431761,3.0,0.029312230751356316,100,15.826330898147642,13.379115111998743,13.692945633557748,15.592289208928491
2022-12-04,106.49550382963835,3.0,0.029312230751356316,100,15.974325574445754,13.851166773177667,12.625330792439613,13.686037868787736
2022-12-05,104.25573880660232,3.0,0.029312230751356316,100,15.63836082099035,12.790769335446093,12.568976199046599,15.53348354497534
2022-12-06,107.32485929898988,3.0,0.029312230751356316,100,16.098728894848485,14.253907078741378,15.59383338869893,15.949588316098257
2022-12-07,106.7245971544108,3.0,0.029312230751356316,100,16.00868957316162,13.961876820285369,13.99118653122854,14.85716428152007
2022-12-08,105.42223777645444,3.0,0.029312230751356316,100,15.813335666468166,13.338034452069799,15.323420198159187,17.29640341971364
2022-12-09,107.00070511792428,3.0,0.029312230751356316,100,16.050105767688642,14.095854507627536,15.543020108295758,16.174306089600833
2022-12-10,107.00534026890887,3.0,0.029312230751356316,100,16.05080104033633,14.098108749935669,13.810479336285088,14.437825439253274
2022-12-11,106.76177156709055,3.0,0.029312230751356316,100,16.01426573506358,13.979880373625242,12.620569800519243,13.454949300032993
2022-12-12,107.81956911072321,3.0,0.029312230751356316,100,16.17293536660848,14.496696609446218,14.448655284216798,14.383906871642793
2022-12-02,104.8525898499651,4.0,0.04742587317756679,100,20.970517969993022,15.740841839122616,15.260054498990593,14.098419590037238
2022-12-03,105.50887265431761,4.0,0.04742587317756679,100,21.101774530863523,16.058642856802486,16.436395942767827,14.749734790332468
2022-12-04,106.49550382963835,4.0,0.04742587317756679,100,21.299100765927673,16.541537925440316,18.15594589958578,15.679979806893826
2022-12-05,104.25573880660232,4.0,0.04742587317756679,100,20.851147761320465,15.454211695847086,14.331107660622703,13.646953586359572
2022-12-06,107.32485929898988,4.0,0.04742587317756679,100,21.464971859797977,16.952158426722733,16.56343047986792,13.423980011694752
2022-12-07,106.7245971544108,4.0,0.04742587317756679,100,21.34491943088216,16.654537193786616,16.986887143318132,14.327646390808226
2022-12-08,105.42223777645444,4.0,0.04742587317756679,100,21.08444755529089,16.016533560047073,17.15150673312898,15.534153482984152
2022-12-09,107.00070511792428,4.0,0.04742587317756679,100,21.400141023584858,16.79115973589861,17.301874147296473,14.421747023975783
2022-12-10,107.00534026890887,4.0,0.04742587317756679,100,21.401068053781774,16.793457314706373,17.20775495590038,14.323919711792016
2022-12-11,106.76177156709055,4.0,0.04742587317756679,100,21.35235431341811,16.67290410852965,18.01745353189559,15.328473249241881
2022-12-12,107.81956911072321,4.0,0.04742587317756679,100,21.56391382214464,17.199114015756663,17.69262933300495,14.157411015445106
2022-12-02,104.8525898499651,0.5,0.008577485413711986,105,2.6213147462491277,5.604626648429175,5.367622463905694,7.686993645960641
2022-12-03,105.50887265431761,0.5,0.008577485413711986,105,2.6377218163579403,5.9150147892778335,5.972299939433851,7.651795387245102
2022-12-04,106.49550382963835,0.5,0.008577485413711986,105,2.662387595740959,6.3999888045454085,5.692917357478245,6.410447409351775
2022-12-05,104.25573880660232,0.5,0.008577485413711986,105,2.606393470165058,5.330861175685044,5.877526013219578,8.77882696255324
2022-12-06,107.32485929898988,0.5,0.008577485413711986,105,2.683121482474747,6.824560422539591,7.767060831479731,7.675969300735517
2022-12-07,106.7245971544108,0.5,0.008577485413711986,105,2.66811492886027,6.515732168407332,3.5361353973461984,4.030299457566585
2022-12-08,105.42223777645444,0.5,0.008577485413711986,105,2.635555944411361,5.873480586207151,7.091629436558199,8.855593890286045
2022-12-09,107.00070511792428,0.5,0.008577485413711986,105,2.6750176279481073,6.6567889539939955,6.600268230911405,6.825227026706145
2022-12-10,107.00534026890887,0.5,0.008577485413711986,105,2.6751335067227218,6.659171465548432,7.120059917947298,7.340499441532074
2022-12-11,106.76177156709055,0.5,0.008577485413711986,105,2.669044289177264,6.534624405873473,7.196998417598106,7.65491742545575
2022-12-12,107.81956911072321,0.5,0.008577485413711986,105,2.69548922776808,7.085098767248617,4.7899954382859935,4.216561841101793
2022-12-02,104.8525898499651,0.7,0.009471043581946106,105,3.6698406447487786,6.411513465449474,5.215584153985956,8.33901570410653
2022-12-03,105.50887265431761,0.7,0.009471043581946106,105,3.692810542901116,6.716667223891534,6.383566061753699,8.873684705674094
2022-12-04,106.49550382963835,0.7,0.009471043581946106,105,3.7273426340373423,7.190769422260438,6.399378651292994,7.937398211028878
2022-12-05,104.25573880660232,0.7,0.009471043581946106,105,3.648950858231081,6.141114144432656,6.4152869251927624,10.114679732158422
2022-12-06,107.32485929898988,0.7,0.009471043581946106,105,3.7563700754646456,7.603446050585944,7.088536128114693,7.82622765992636
2022-12-07,106.7245971544108,0.7,0.009471043581946106,105,3.7353609004043777,7.303476795458636,5.592405598304371,6.909350099634835
2022-12-08,105.42223777645444,0.7,0.009471043581946106,105,3.6897783221759055,6.675915777001869,7.288213089500419,9.861934390558787
2022-12-09,107.00070511792428,0.7,0.009471043581946106,105,3.74502467912735,7.440620598113313,8.54074997212664,9.5912502886666
2022-12-10,107.00534026890887,0.7,0.009471043581946106,105,3.74518690941181,7.442935060027267,8.007287586413385,9.053314982253227
2022-12-11,106.76177156709055,0.7,0.009471043581946106,105,3.7366620048481693,7.321858340645761,6.609058903818701,7.890130096913211
2022-12-12,107.81956911072321,0.7,0.009471043581946106,105,3.773684918875312,7.855709354640773,7.594849876086598,7.855146439575591
2022-12-02,104.8525898499651,0.8,0.009951801866904326,105,4.194103593998604,6.751458110333729,7.299886176629554,10.808767439234686
2022-12-03,105.50887265431761,0.8,0.009951801866904326,105,4.220354906172704,7.05428262347732,7.657481673707912,10.536331444134632
2022-12-04,106.49550382963835,0.8,0.009951801866904326,105,4.259820153185535,7.52381626654855,8.530677405173373,10.46236124729218
2022-12-05,104.25573880660232,0.8,0.009951801866904326,105,4.170229552264093,6.482681975285601,6.188255967895659,10.270114232129046
2022-12-06,107.32485929898988,0.8,0.009951801866904326,105,4.292994371959596,7.931671615638479,6.510791100484244,7.64629369202558
2022-12-07,106.7245971544108,0.8,0.009951801866904326,105,4.268983886176432,7.6352808590133705,6.95633408439333,8.668088334730584
2022-12-08,105.42223777645444,0.8,0.009951801866904326,105,4.216889511058178,7.013871250198612,7.547756059509487,10.509775312684852
2022-12-09,107.00070511792428,0.8,0.009951801866904326,105,4.280028204716972,7.770836380424072,8.514810784209995,9.961501389574309
2022-12-10,107.00534026890887,0.8,0.009951801866904326,105,4.280213610756355,7.77312333777359,9.998172976596784,11.440413837015896
2022-12-11,106.76177156709055,0.8,0.009951801866904326,105,4.270470862683623,7.653454313616393,7.7706357338108765,9.446702547975576
2022-12-12,107.81956911072321,0.8,0.009951801866904326,105,4.3127827644289285,8.180638038245768,8.425252558510758,9.08583373078811
2022-12-02,104.8525898499651,1.0,0.01098694263059318,105,5.2426294924982555,7.344682287552388,7.167383464906821,11.410108412876468
2022-12-03,105.50887265431761,1.0,0.01098694263059318,105,5.275443632715881,7.643296541830665,7.237567014181573,10.856823298016337
2022-12-04,106.49550382963835,1.0,0.01098694263059318,105,5.324775191481918,8.104857942940995,8.88663313331661,11.56858980059667
2022-12-05,104.25573880660232,1.0,0.01098694263059318,105,5.212786940330116,7.078973027265825,7.432450641069675,12.242184080233955
2022-12-06,107.32485929898988,1.0,0.01098694263059318,105,5.366242964949494,8.504499790325653,8.297220304604215,10.191289276000333
2022-12-07,106.7245971544108,1.0,0.01098694263059318,105,5.33622985772054,8.21419100685592,7.134493622897072,9.5988116316433
2022-12-08,105.42223777645444,1.0,0.01098694263059318,105,5.271111888822722,7.603491130363125,7.480421301852985,11.181980719657759
2022-12-09,107.00070511792428,1.0,0.01098694263059318,105,5.3500352558962145,8.347038067384318,7.956055882077915,10.158071325486347
2022-12-10,107.00534026890887,1.0,0.01098694263059318,105,5.3502670134454435,8.34927825857438,9.604451990283952,11.802064040257022
2022-12-11,106.76177156709055,1.0,0.01098694263059318,105,5.338088578354528,8.232008672727332,9.17913475090252,11.608137067602996
2022-12-12,107.81956911072321,1.0,0.01098694263059318,105,5.39097845553616,8.747916896584712,7.725606204307318,9.14970085455677
2022-12-02,104.8525898499651,2.0,0.017986209962091555,105,10.485258984996511,9.472910062828596,10.640078431232714,17.562771930020176
2022-12-03,105.50887265431761,2.0,0.017986209962091555,105,10.550887265431761,9.757541264589875,9.185564451302108,15.5176034261723
2022-12-04,106.49550382963835,2.0,0.017986209962091555,105,10.649550382963836,10.193910862211155,10.327048359082212,15.771119276163745
2022-12-05,104.25573880660232,2.0,0.017986209962091555,105,10.425573880660233,9.217984862518797,10.420728736488702,17.88058817430266
2022-12-06,107.32485929898988,2.0,0.017986209962091555,105,10.732485929898989,10.568528893427612,9.543775926382327,14.241426921047491
2022-12-07,106.7245971544108,2.0,0.017986209962091555,105,10.67245971544108,10.296681481843343,10.457080644785902,15.694967569572228
2022-12-08,105.42223777645444,2.0,0.017986209962091555,105,10.542223777645445,9.719709013536665,8.589233726397325,14.99924409134438
2022-12-09,107.00070511792428,2.0,0.017986209962091555,105,10.700070511792429,10.421263998310181,8.479964317287752,13.469354074911948
2022-12-10,107.00534026890887,2.0,0.017986209962091555,105,10.700534026890887,10.423362139953106,11.409959956851104,16.39517807858917
2022-12-11,106.76177156709055,2.0,0.017986209962091555,105,10.676177156709056,10.313409038205762,10.341636405504882,15.546066358879429
2022-12-12,107.81956911072321,2.0,0.017986209962091555,105,10.78195691107232,10.795359862731416,9.972992264900752,14.225404429005906
2022-12-02,104.8525898499651,3.0,0.029312230751356316,105,15.727888477494766,11.37018931134061,9.783637550492761,16.819915776140178
2022-12-03,105.50887265431761,3.0,0.029312230751356316,105,15.826330898147642,11.652732591420552,11.251259772048831,17.729697613996606
2022-12-04,106.49550382963835,3.0,0.029312230751356316,105,15.974325574445754,12.08402706873796,13.426206352992985,19.06600769591813
2022-12-05,104.25573880660232,3.0,0.029312230751356316,105,15.63836082099035,11.116267848708674,11.51873694219712,19.062338554702905
2022-12-06,107.32485929898988,3.0,0.029312230751356316,105,16.098728894848485,12.452585781575216,12.079824365138348,17.014673559114698
2022-12-07,106.7245971544108,3.0,0.029312230751356316,105,16.00868957316162,12.185287334551305,11.51326389808296,16.95833591495152
2022-12-08,105.42223777645444,3.0,0.029312230751356316,105,15.813335666468166,11.615234978680355,11.721047061476112,18.273124549607587
2022-12-09,107.00070511792428,3.0,0.029312230751356316,105,16.050105767688642,12.307883683917886,10.760578293000357,15.970958540882464
2022-12-10,107.00534026890887,3.0,0.029312230751356316,105,16.05080104033633,12.309946936981056,13.654753447609286,18.8611938171545
2022-12-11,106.76177156709055,3.0,0.029312230751356316,105,16.01426573506358,12.201758035235294,12.704947216871783,18.11842098296256
2022-12-12,107.81956911072321,3.0,0.029312230751356316,105,16.17293536660848,12.675025613933222,13.869376216396468,18.383722070399486
2022-12-02,104.8525898499651,4.0,0.04742587317756679,105,20.970517969993022,14.085926076711544,13.522420405515401,16.496807345112998
2022-12-03,105.50887265431761,4.0,0.04742587317756679,105,21.101774530863523,14.382024234661948,15.236852990974615,17.686213687090188
2022-12-04,106.49550382963835,4.0,0.04742587317756679,105,21.299100765927673,14.832414730634184,15.52031945629571,17.1803752121547
2022-12-05,104.25573880660232,4.0,0.04742587317756679,105,20.851147761320465,13.819086680669336,12.286017962379153,15.737885736666954
2022-12-06,107.32485929898988,4.0,0.04742587317756679,105,21.464971859797977,15.215833321095047,15.364794022071935,16.361365402449707
2022-12-07,106.7245971544108,4.0,0.04742587317756679,105,21.34491943088216,14.937888615942065,15.252999784163732,16.729780880204757
2022-12-08,105.42223777645444,4.0,0.04742587317756679,105,21.08444755529089,14.342776267893711,13.767858603841265,16.286527202247385
2022-12-09,107.00070511792428,4.0,0.04742587317756679,105,21.400141023584858,15.065452875706,14.705281741276549,15.961176466506785
2022-12-10,107.00534026890887,4.0,0.04742587317756679,105,21.401068053781774,15.06759849715344,15.50378379368618,16.755970398128753
2022-12-11,106.76177156709055,4.0,0.04742587317756679,105,21.35235431341811,14.95503521422846,14.917117332215426,16.36415889811265
2022-12-12,107.81956911072321,4.0,0.04742587317756679,105,21.56391382214464,15.446618540969098,14.441902188443002,15.042705719434096
2022-12-02,104.8525898499651,0.5,0.008577485413711986,110,2.6213147462491277,3.8192071987257705,4.410660285356093,11.708633671495377
2022-12-03,105.50887265431761,0.5,0.008577485413711986,110,2.6377218163579403,4.057996403175466,4.285813767020674,10.943911418916244
2022-12-04,106.49550382963835,0.5,0.008577485413711986,110,2.662387595740959,4.434536032749605,4.683714690635941,10.379846946593801
2022-12-05,104.25573880660232,0.5,0.008577485413711986,110,2.606393470165058,3.610086836823008,3.7058500735607263,11.58575322697871
2022-12-06,107.32485929898988,0.5,0.008577485413711986,110,2.683121482474747,4.767448214172603,5.216469944866426,10.103980618206549
2022-12-07,106.7245971544108,0.5,0.008577485413711986,110,2.66811492886027,4.524996615029224,4.23899460736957,9.711760871674286
2022-12-08,105.42223777645444,0.5,0.008577485413711986,110,2.635555944411361,4.025941335176078,3.1631830357790682,9.905749693591247
2022-12-09,107.00070511792428,0.5,0.008577485413711986,110,2.6750176279481073,4.635542441751689,3.893717602981281,9.097278602860357
2022-12-10,107.00534026890887,0.5,0.008577485413711986,110,2.6751335067227218,4.6374124225925115,5.742987558750577,10.942029286419682
2022-12-11,106.76177156709055,0.5,0.008577485413711986,110,2.669044289177264,4.539783320652596,2.5220646679781793,7.958585879920136
2022-12-12,107.81956911072321,0.5,0.008577485413711986,110,2.69548922776808,4.973182177296231,5.513722890397494,9.918891497297622
2022-12-02,104.8525898499651,0.7,0.009471043581946106,110,3.6698406447487786,4.65424566823701,3.211946785622391,11.30233932409233
2022-12-03,105.50887265431761,0.7,0.009471043581946106,110,3.692810542901116,4.899305338242826,3.290454975404709,10.747534607674481
2022-12-04,106.49550382963835,0.7,0.009471043581946106,110,3.7273426340373423,5.282536290816772,4.275967729020763,10.78094827710602
2022-12-05,104.25573880660232,0.7,0.009471043581946106,110,3.648950858231081,4.438192459568263,4.180658834766797,12.84701263008182
2022-12-06,107.32485929898988,0.7,0.009471043581946106,110,3.7563700754646456,5.61847427729743,6.34898172443696,12.053634244597987
2022-12-07,106.7245971544108,0.7,0.009471043581946106,110,3.7353609004043777,5.374072175486276,3.6756706843243627,9.959576174004212
2022-12-08,105.42223777645444,0.7,0.009471043581946106,110,3.6897783221759055,4.866504863115047,6.5405804087062585,14.081262698113989
2022-12-09,107.00070511792428,0.7,0.009471043581946106,110,3.74502467912735,5.485671568246268,6.6493952684146365,12.666856573303974
2022-12-10,107.00534026890887,0.7,0.009471043581946106,110,3.74518690941181,5.48755696662473,5.354983373973225,11.36797175816244
2022-12-11,106.76177156709055,0.7,0.009471043581946106,110,3.7366620048481693,5.389016194421792,5.0987703858093285,11.34680256725322
2022-12-12,107.81956911072321,0.7,0.009471043581946106,110,3.773684918875312,5.824865032463123,4.871332614846649,10.098590166685014
2022-12-02,104.8525898499651,0.8,0.009951801866904326,110,4.194103593998604,5.010248779977999,5.59828937378686,14.067521470609677
2022-12-03,105.50887265431761,0.8,0.009951801866904326,110,4.220354906172704,5.257090750476259,5.325892221218492,13.1650928258629
2022-12-04,106.49550382963835,0.8,0.009951801866904326,110,4.259820153185535,5.642012941151485,7.0540772455751295,13.946111921911623
2022-12-05,104.25573880660232,0.8,0.009951801866904326,110,4.170229552264093,4.792127193284514,4.1059115784054,13.148120676856479
2022-12-06,107.32485929898988,0.8,0.009951801866904326,110,4.292994371959596,5.978439412203031,6.526383339043696,12.622236764802722
2022-12-07,106.7245971544108,0.8,0.009951801866904326,110,4.268983886176432,5.733769528486405,5.6973869906841905,12.369492075239137
2022-12-08,105.42223777645444,0.8,0.009951801866904326,110,4.216889511058178,5.224084836025199,4.377068582980345,12.299438670373405
2022-12-09,107.00070511792428,0.8,0.009951801866904326,110,4.280028204716972,5.845548046970556,7.74785208860256,14.154893528184559
2022-12-10,107.00534026890887,0.8,0.009951801866904326,110,4.280213610756355,5.847435640040544,6.127041032220555,12.529632726857358
2022-12-11,106.76177156709055,0.8,0.009951801866904326,110,4.270470862683623,5.748743203197499,6.368997704710968,13.005415353093355
2022-12-12,107.81956911072321,0.8,0.009951801866904326,110,4.3127827644289285,6.184711148285743,5.11614343981786,10.7370754463129
2022-12-02,104.8525898499651,1.0,0.01098694263059318,110,5.2426294924982555,5.636226333116525,4.913605599610406,14.101696514505605
2022-12-03,105.50887265431761,1.0,0.01098694263059318,110,5.275443632715881,5.885209023846592,5.969348579238343,14.533970829998651
2022-12-04,106.49550382963835,1.0,0.01098694263059318,110,5.324775191481918,6.2718136813152086,5.687358524689841,13.314681158895453
2022-12-05,104.25573880660232,1.0,0.01098694263059318,110,5.212786940330116,5.415459725696195,6.017481996449908,15.772581402539743
2022-12-06,107.32485929898988,1.0,0.01098694263059318,110,5.366242964949494,6.608209190045933,7.0465744292156245,13.886009367537284
2022-12-07,106.7245971544108,1.0,0.01098694263059318,110,5.33622985772054,6.363694355077676,5.581351160766338,12.991035136438128
2022-12-08,105.42223777645444,1.0,0.01098694263059318,110,5.271111888822722,5.85196697135796,6.044902955527087,14.691828340257416
2022-12-09,107.00070511792428,1.0,0.01098694263059318,110,5.3500352558962145,6.475488036272203,6.479512948260141,13.626894358594114
2022-12-10,107.00534026890887,1.0,0.01098694263059318,110,5.3502670134454435,6.477374627829931,6.313299337152531,13.456277354051153
2022-12-11,106.76177156709055,1.0,0.01098694263059318,110,5.338088578354528,6.378678637295792,5.2298663728879315,12.604234656513952
2022-12-12,107.81956911072321,1.0,0.01098694263059318,110,5.39097845553616,6.813828465589118,5.978319961618867,12.34778057879386
2022-12-02,104.8525898499651,2.0,0.017986209962091555,110,10.485258984996511,7.902193636149359,8.112644364528746,19.858672356828407
2022-12-03,105.50887265431761,2.0,0.017986209962091555,110,10.550887265431761,8.153382185258792,9.167366816008482,20.32274028439089
2022-12-04,106.49550382963835,2.0,0.017986209962091555,110,10.649550382963836,8.53935015583312,7.569152332856877,17.836557743450612
2022-12-05,104.25573880660232,2.0,0.017986209962091555,110,10.425573880660233,7.6776124137463775,8.894793972890264,21.177987904216423
2022-12-06,107.32485929898988,2.0,0.017986209962091555,110,10.732485929898989,8.87151177491834,9.054159153487388,18.57514464166475
2022-12-07,106.7245971544108,2.0,0.017986209962091555,110,10.67245971544108,8.630399948446225,7.360580356643342,17.42180177494187
2022-12-08,105.42223777645444,2.0,0.017986209962091555,110,10.542223777645445,8.119968848628275,8.44335877834994,19.676703636809208
2022-12-09,107.00070511792428,2.0,0.017986209962091555,110,10.700070511792429,8.740848929233906,9.626623786838802,19.439348037975194
2022-12-10,107.00534026890887,2.0,0.017986209962091555,110,10.700534026890887,8.74270974088278,9.007104432513492,18.815657047763764
2022-12-11,106.76177156709055,2.0,0.017986209962091555,110,10.676177156709056,8.645225055985513,10.964352373612993,20.99211682049976
2022-12-12,107.81956911072321,2.0,0.017986209962091555,110,10.78195691107232,9.072989633319942,9.381657306507735,18.457403964125106
2022-12-02,104.8525898499651,3.0,0.029312230751356316,110,15.727888477494766,9.873326918195964,10.76589094971146,22.3812634419359
2022-12-03,105.50887265431761,3.0,0.029312230751356316,110,15.826330898147642,10.129920296620927,10.140942993396726,21.19847510192153
2022-12-04,106.49550382963835,3.0,0.029312230751356316,110,15.974325574445754,10.522178529459076,11.502252657461058,21.72114826696324
2022-12-05,104.25573880660232,3.0,0.029312230751356316,110,15.63836082099035,9.642987890487923,7.247415877096125,19.37011175617893
2022-12-06,107.32485929898988,3.0,0.029312230751356316,110,16.098728894848485,10.857915076282175,10.000392561242489,19.51433602179587
2022-12-07,106.7245971544108,3.0,0.029312230751356316,110,16.00868957316162,10.614372477732786,10.250094391483108,20.274260674928698
2022-12-08,105.42223777645444,3.0,0.029312230751356316,110,15.813335666468166,10.095849224384182,10.599776125594534,21.730947880303034
2022-12-09,107.00070511792428,3.0,0.029312230751356316,110,16.050105767688642,10.726041581105981,10.914372795687651,20.703847310146784
2022-12-10,107.00534026890887,3.0,0.029312230751356316,110,16.05080104033633,10.72792139277719,11.813148466433287,21.598683102555526
2022-12-11,106.76177156709055,3.0,0.029312230751356316,110,16.01426573506358,10.629371976902576,10.986311043908218,20.978879076576035
2022-12-12,107.81956911072321,3.0,0.029312230751356316,110,16.17293536660848,11.060778309539003,11.268107876929125,20.36154799750919
2022-12-02,104.8525898499651,4.0,0.04742587317756679,110,20.970517969993022,12.594011806311595,12.448947268986517,19.559356057135048
2022-12-03,105.50887265431761,4.0,0.04742587317756679,110,21.101774530863523,12.869065549509685,13.032969802188116,19.618352346854635
2022-12-04,106.49550382963835,4.0,0.04742587317756679,110,21.299100765927673,13.287882444218596,14.117394928615838,19.913472533025768
2022-12-05,104.25573880660232,4.0,0.04742587317756679,110,20.851147761320465,12.346336947461715,13.10163690541389,20.689526528252642
2022-12-06,107.32485929898988,4.0,0.04742587317756679,110,21.464971859797977,13.644827458566915,14.524313149124577,19.65690637805328
2022-12-07,106.7245971544108,4.0,0.04742587317756679,110,21.34491943088216,13.386037063150148,13.146080764321244,18.758883708913217
2022-12-08,105.42223777645444,4.0,0.04742587317756679,110,21.08444755529089,12.832593792853547,12.137537147446212,18.792227594403272
2022-12-09,107.00070511792428,4.0,0.04742587317756679,110,21.400141023584858,13.504786450932215,13.033386367968527,18.425302941749706
2022-12-10,107.00534026890887,4.0,0.04742587317756679,110,21.401068053781774,13.506784154659066,13.856260563326432,19.244469016319954
2022-12-11,106.76177156709055,4.0,0.04742587317756679,110,21.35235431341811,13.401996435481259,15.013453729474607,20.59651714392278
2022-12-12,107.81956911072321,4.0,0.04742587317756679,110,21.56391382214464,13.859853390614404,14.099192657045645,18.83601803658769
